Workbook
Name anos: Simulador!$C$15
Name aporte: Simulador!$C$14
Name lista_perfis: Base!$A$4:$A$6
Name patrimonio: Simulador!$C$17
Name pct_aporte: Simulador!$C$8
Name perfil: Simulador!$C$11
Name salario: Simulador!$C$7
Name sugestao_aporte: Simulador!$C$9
Name tabela_perfis: Base!$A$10:$D$27
Name taxa_mensal: Simulador!$C$10

Sheet Simulador
B1: GIGS.INVEST
B6: Configurações
B7: Salário mensal | C7: 2590
B8: % do salário sugerido para aporte | C8: 0.2
B9: Sugestão de aporte mensal | C9: =salario*pct_aporte -> 518
B10: Rendimento mensal da carteira | C10: 0.008
B11: Perfil de investidor | C11: Moderado
B13: Perguntas de Negócio
B14: 1. Quanto investir por mês | C14: 518
B15: 2. Por quantos anos | C15: 10
B16: 3. Taxa de rendimento mensal | C16: =taxa_mensal -> 0.008
B17: 4. Patrimônio acumulado | C17: =FV(taxa_mensal,anos*12,-aporte) -> 103712.65
B18: 5. Dividendos mensais | C18: =patrimonio*taxa_mensal -> 829.70119
B19: Total investido do próprio bolso | C19: =aporte*anos*12 -> 62160
B21: Projeção do patrimônio por cenário
B22: Prazo (anos) | C22: Total investido | D22: Patrimônio acumulado | E22: Dividendos mensais
B23: 2 | C23: =aporte*B23*12 -> 12432 | D23: =FV(taxa_mensal,B23*12,-aporte) -> 13645.754 | E23: =D23*taxa_mensal -> 109.16603
B24: 5 | C24: =aporte*B24*12 -> 31080 | D24: =FV(taxa_mensal,B24*12,-aporte) -> 39691.163 | E24: =D24*taxa_mensal -> 317.5293
B25: 10 | C25: =aporte*B25*12 -> 62160 | D25: =FV(taxa_mensal,B25*12,-aporte) -> 103712.65 | E25: =D25*taxa_mensal -> 829.70119
B26: 20 | C26: =aporte*B26*12 -> 124320 | D26: =FV(taxa_mensal,B26*12,-aporte) -> 373545.97 | E26: =D26*taxa_mensal -> 2988.3678
B27: 30 | C27: =aporte*B27*12 -> 186480 | D27: =FV(taxa_mensal,B27*12,-aporte) -> 1075582.1 | E27: =D27*taxa_mensal -> 8604.6564
B29: ="Divisão do aporte — perfil "&perfil -> Divisão do aporte — perfil Moderado
B30: Tipo de fundo | C30: % da carteira | D30: Aporte mensal | E30: Patrimônio no prazo | F30: Dividendos mensais
B31: =Base!$F$17 -> Tijolo - Logística | C31: =VLOOKUP(perfil&"|"&B31,tabela_perfis,4,FALSE()) -> 0.25 | D31: =aporte*C31 -> 129.5 | E31: =patrimonio*C31 -> 25928.162 | F31: =E31*taxa_mensal -> 207.4253
B32: =Base!$F$18 -> Tijolo - Lajes corporativas | C32: =VLOOKUP(perfil&"|"&B32,tabela_perfis,4,FALSE()) -> 0.15 | D32: =aporte*C32 -> 77.7 | E32: =patrimonio*C32 -> 15556.897 | F32: =E32*taxa_mensal -> 124.45518
B33: =Base!$F$19 -> Tijolo - Shoppings | C33: =VLOOKUP(perfil&"|"&B33,tabela_perfis,4,FALSE()) -> 0.2 | D33: =aporte*C33 -> 103.6 | E33: =patrimonio*C33 -> 20742.53 | F33: =E33*taxa_mensal -> 165.94024
B34: =Base!$F$20 -> Papel (CRI) | C34: =VLOOKUP(perfil&"|"&B34,tabela_perfis,4,FALSE()) -> 0.2 | D34: =aporte*C34 -> 103.6 | E34: =patrimonio*C34 -> 20742.53 | F34: =E34*taxa_mensal -> 165.94024
B35: =Base!$F$21 -> Fundo de fundos (FoF) | C35: =VLOOKUP(perfil&"|"&B35,tabela_perfis,4,FALSE()) -> 0.15 | D35: =aporte*C35 -> 77.7 | E35: =patrimonio*C35 -> 15556.897 | F35: =E35*taxa_mensal -> 124.45518
B36: =Base!$F$22 -> Desenvolvimento / Híbrido | C36: =VLOOKUP(perfil&"|"&B36,tabela_perfis,4,FALSE()) -> 0.05 | D36: =aporte*C36 -> 25.9 | E36: =patrimonio*C36 -> 5185.6325 | F36: =E36*taxa_mensal -> 41.48506
B37: Total | C37: =SUM(C31:C36) -> 1 | D37: =SUM(D31:D36) -> 518 | E37: =SUM(E31:E36) -> 103712.65 | F37: =SUM(F31:F36) -> 829.70119

Sheet Base
A1: Tabelas de apoio (perfis e tipos de fundo)
A3: Perfis | B3: Soma (deve ser 100%)
A4: Conservador | B4: =SUMIF($B$10:$B$27,A4,$D$10:$D$27) -> 1
A5: Moderado | B5: =SUMIF($B$10:$B$27,A5,$D$10:$D$27) -> 1
A6: Arrojado | B6: =SUMIF($B$10:$B$27,A6,$D$10:$D$27) -> 1
A9: Chave | B9: Perfil | C9: Tipo de fundo | D9: Percentual
A10: =B10&"|"&C10 -> Conservador|Tijolo - Logística | B10: Conservador | C10: Tijolo - Logística | D10: 0.2
A11: =B11&"|"&C11 -> Conservador|Tijolo - Lajes corporativas | B11: Conservador | C11: Tijolo - Lajes corporativas | D11: 0.1
A12: =B12&"|"&C12 -> Conservador|Tijolo - Shoppings | B12: Conservador | C12: Tijolo - Shoppings | D12: 0.15
A13: =B13&"|"&C13 -> Conservador|Papel (CRI) | B13: Conservador | C13: Papel (CRI) | D13: 0.35
A14: =B14&"|"&C14 -> Conservador|Fundo de fundos (FoF) | B14: Conservador | C14: Fundo de fundos (FoF) | D14: 0.2
A15: =B15&"|"&C15 -> Conservador|Desenvolvimento / Híbrido | B15: Conservador | C15: Desenvolvimento / Híbrido | D15: 0
A16: =B16&"|"&C16 -> Moderado|Tijolo - Logística | B16: Moderado | C16: Tijolo - Logística | D16: 0.25 | F16: Tipos de fundo
A17: =B17&"|"&C17 -> Moderado|Tijolo - Lajes corporativas | B17: Moderado | C17: Tijolo - Lajes corporativas | D17: 0.15 | F17: Tijolo - Logística
A18: =B18&"|"&C18 -> Moderado|Tijolo - Shoppings | B18: Moderado | C18: Tijolo - Shoppings | D18: 0.2 | F18: Tijolo - Lajes corporativas
A19: =B19&"|"&C19 -> Moderado|Papel (CRI) | B19: Moderado | C19: Papel (CRI) | D19: 0.2 | F19: Tijolo - Shoppings
A20: =B20&"|"&C20 -> Moderado|Fundo de fundos (FoF) | B20: Moderado | C20: Fundo de fundos (FoF) | D20: 0.15 | F20: Papel (CRI)
A21: =B21&"|"&C21 -> Moderado|Desenvolvimento / Híbrido | B21: Moderado | C21: Desenvolvimento / Híbrido | D21: 0.05 | F21: Fundo de fundos (FoF)
A22: =B22&"|"&C22 -> Arrojado|Tijolo - Logística | B22: Arrojado | C22: Tijolo - Logística | D22: 0.2 | F22: Desenvolvimento / Híbrido
A23: =B23&"|"&C23 -> Arrojado|Tijolo - Lajes corporativas | B23: Arrojado | C23: Tijolo - Lajes corporativas | D23: 0.15
A24: =B24&"|"&C24 -> Arrojado|Tijolo - Shoppings | B24: Arrojado | C24: Tijolo - Shoppings | D24: 0.2
A25: =B25&"|"&C25 -> Arrojado|Papel (CRI) | B25: Arrojado | C25: Papel (CRI) | D25: 0.1
A26: =B26&"|"&C26 -> Arrojado|Fundo de fundos (FoF) | B26: Arrojado | C26: Fundo de fundos (FoF) | D26: 0.15
A27: =B27&"|"&C27 -> Arrojado|Desenvolvimento / Híbrido | B27: Arrojado | C27: Desenvolvimento / Híbrido | D27: 0.2
